{
    "view": 
        {
            "id": "1",
            "userId": "DGAJULA",
            "course": [
                {
                    "courseId": "101",
                    "courseName":"Angular",
                    "courseStatus": "incomplete",
                    "startDate": "31/08/2023",
                    "endDate": "04/09/2023"
                },
                {
                    "courseId": "102",
                    "courseName":"python",
                    "courseStatus": "complete",
                    "startDate": "20/12/2021",
                    "endDate": "25/12/2021"
                },
                {
                    "courseId": "103",
                    "courseName":"java",
                    "courseStatus": "progress",
                    "startDate": "20/12/2021",
                    "endDate": "25/12/2021"
                }
            ]
          }
    
}