{
  "addCourses": [
    {
      "userId": 4200,
      "trainingPlatform": "Degreed",
      "courseName": "Java",
      "platformName": "Java",
      "courseUrl": "www.degreed.com/java",
      "learningHours": 26,
      "startDate": "2021-11-19",
      "endDate": "2021-12-19",
      "category": "Mandatory",
      "trainingType": "Internal",
      "id": 1
    },

    {
      "userId": 4200,
      "trainingPlatform": "Degreed",
      "courseName": "Oracle",
      "platformName": "Java",
      "courseUrl": "www.degreed.com/java",
      "learningHours": 26,
      "startDate": "2021-11-19",
      "endDate": "2021-12-19",
      "category": "Mandatory",
      "trainingType": "Internal",
      "id": 2
    },

    {
      "userId": 4200,
      "trainingPlatform": "Degreed",
      "courseName": "Python",
      "platformName": "Java",
      "courseUrl": "www.degreed.com/java",
      "learningHours": 26,
      "startDate": "2021-11-19",
      "endDate": "2021-12-19",
      "category": "Mandatory",
      "trainingType": "Internal",
      "id": 3
    }
  ]

}



