{
  "events":[
         {
            " title" : "This is your",
            " start ": "2021-11-08T12:30:00",
             "color" : "#f9c66a"
         },
         {
             "title" : "Your meeting with john",
             "start ": "2021-11-20T12:30:00",
             " end  " : "2021-11-29",
             "color" : "#019efb"
         },
         {
            " title " : "This is Today",
             "start"  : "2021-11-12T12:30:00",
             "allDay" : false,
            "color " : "#57cd5f"
         }
     ]
 }