{"property":[{
  "Id":1,
  "SellRent":1,
  "Name":"Dinesh House",
  "Type":"House",
  "price":12000,
  "Image":"prop1"
},
{
  "Id":2,
  "SellRent":2,
  "Name":"Dileep House",
  "Type":"House",
  "price":12000,
  "Image":"prop2"
},
{
  "Id":3,
  "SellRent":1,
  "Name":"Yoga House",
  "Type":"House",
  "price":12000,
  "Image":"prop3"
},
{
  "Id":4,
  "SellRent":1,
  "Name":"Keeru House",
  "Type":"House",
  "price":12000,
  "Image":"prop4"
},
{
  "Id":1,
  "SellRent":1,
  "Name":"Pandu House",
  "Type":"House",
  "price":12000,
  "Image":"prop5"
},
{
  "Id":6,
  "SellRent":2,
  "Name":"Kavya House",
  "Type":"House",
  "price":12000,
  "Image":"prop6"

}
]
}
